UMAP1,UMAP2,GT,KMeans,DEC,scDCC
-3.9452465,4.7099967,3.0,3.0,3.0,3.0
0.8280292,11.585337,1.0,1.0,1.0,1.0
5.384691,23.418335,2.0,2.0,2.0,2.0
-2.7890818,7.3102016,7.0,3.0,3.0,1.0
-0.12410673,2.7746954,5.0,3.0,3.0,5.0
17.34253,18.148516,1.0,1.0,1.0,1.0
4.9615865,23.265162,2.0,2.0,2.0,2.0
5.540343,23.384243,2.0,2.0,2.0,2.0
5.518613,7.805715,4.0,3.0,8.0,4.0
-6.144939,10.658558,4.0,4.0,4.0,4.0
2.3784623,3.569126,3.0,3.0,3.0,3.0
-4.8392715,13.625183,6.0,3.0,3.0,6.0
-14.787749,12.619328,8.0,8.0,8.0,8.0
-0.23047245,5.216829,3.0,3.0,3.0,3.0
-6.417394,8.604623,4.0,4.0,4.0,4.0
3.3038888,5.8338146,4.0,3.0,3.0,4.0
-0.36268604,8.171249,6.0,3.0,3.0,1.0
8.2029705,-1.9361477,9.0,9.0,9.0,9.0
-3.8912544,7.203287,7.0,3.0,3.0,1.0
-15.349713,12.265487,8.0,8.0,8.0,8.0
8.179723,-3.6805935,9.0,9.0,9.0,9.0
-0.9169164,12.9278965,1.0,1.0,1.0,1.0
1.3754073,6.1439495,3.0,3.0,3.0,3.0
-1.5252684,14.004906,1.0,1.0,1.0,1.0
-5.1472125,18.320406,1.0,1.0,1.0,1.0
3.2331991,5.5809407,4.0,3.0,3.0,4.0
-3.4258933,5.1824856,3.0,3.0,3.0,3.0
7.81659,-2.5561304,9.0,9.0,9.0,9.0
6.166851,23.049665,2.0,2.0,2.0,2.0
5.558037,23.497826,2.0,2.0,2.0,2.0
-14.919962,12.431247,8.0,8.0,8.0,8.0
-0.060590852,9.435489,1.0,3.0,8.0,1.0
0.582119,5.3418493,5.0,3.0,3.0,5.0
-4.8181353,18.35041,1.0,1.0,1.0,1.0
-4.9885583,9.627544,4.0,4.0,4.0,4.0
-0.37927145,11.058263,1.0,1.0,1.0,1.0
-5.41629,9.903141,4.0,4.0,4.0,4.0
-0.89469963,13.694581,1.0,1.0,1.0,1.0
-10.608704,5.425928,1.0,1.0,1.0,1.0
-14.42392,12.427952,8.0,8.0,8.0,8.0
2.9947789,6.097117,4.0,3.0,3.0,4.0
8.168216,-2.5458584,9.0,9.0,9.0,9.0
-3.696113,5.5082154,3.0,3.0,3.0,3.0
-1.2908686,10.451748,1.0,1.0,1.0,1.0
0.22664927,6.1058054,3.0,3.0,3.0,3.0
-0.28368998,6.698847,7.0,3.0,3.0,1.0
-4.958532,13.236363,6.0,3.0,3.0,6.0
0.7577369,11.771258,1.0,1.0,1.0,1.0
2.0654361,10.123778,1.0,1.0,1.0,1.0
7.766515,-2.7507527,9.0,9.0,9.0,9.0
0.43384558,10.259994,1.0,1.0,1.0,1.0
-15.267064,12.737696,8.0,8.0,8.0,8.0
-5.7043757,9.594698,4.0,4.0,4.0,4.0
-3.4448032,5.4773765,3.0,3.0,3.0,3.0
5.5979533,22.345543,2.0,2.0,2.0,2.0
-0.31487963,8.230857,4.0,3.0,3.0,3.0
-14.56508,12.344578,8.0,8.0,8.0,8.0
8.054749,-2.3692453,9.0,9.0,9.0,9.0
-0.9566624,12.650052,1.0,1.0,1.0,1.0
-0.05901726,11.150275,1.0,1.0,1.0,1.0
-0.45768428,4.653219,5.0,3.0,3.0,5.0
-3.9517605,7.4266763,7.0,3.0,3.0,1.0
-0.94768244,13.912141,1.0,1.0,1.0,1.0
1.3321737,12.207706,1.0,1.0,1.0,1.0
3.9272575,5.9439964,4.0,3.0,3.0,4.0
2.2039123,10.804226,1.0,1.0,1.0,1.0
0.27179104,10.760847,1.0,1.0,1.0,1.0
-2.9305453,7.0244746,7.0,3.0,3.0,3.0
-5.732931,10.1892185,4.0,4.0,4.0,4.0
1.3565022,6.0161443,3.0,3.0,3.0,3.0
2.6991045,3.6815453,3.0,3.0,3.0,3.0
5.959923,23.211306,2.0,2.0,2.0,2.0
-14.199052,12.345893,8.0,8.0,8.0,8.0
7.7331133,-3.0045512,9.0,9.0,9.0,9.0
-14.19348,12.987433,8.0,8.0,8.0,8.0
-5.2149973,9.758857,4.0,4.0,4.0,4.0
-13.974222,12.344,8.0,8.0,8.0,1.0
-1.2696278,13.49322,1.0,1.0,1.0,1.0
-0.7437572,12.80304,1.0,1.0,1.0,1.0
-6.1711874,10.045753,4.0,4.0,4.0,4.0
-5.536205,10.288348,4.0,4.0,4.0,4.0
2.336805,10.142509,1.0,1.0,1.0,1.0
3.047402,6.3951983,4.0,3.0,3.0,4.0
-0.6819921,13.132096,6.0,1.0,1.0,6.0
5.0002084,23.283714,2.0,2.0,2.0,2.0
6.0248656,7.6022854,4.0,3.0,8.0,4.0
-14.519571,12.805689,8.0,8.0,8.0,8.0
5.243032,7.783721,4.0,3.0,8.0,4.0
-1.42409,10.602332,1.0,1.0,1.0,1.0
-14.599805,12.010307,8.0,8.0,8.0,8.0
8.362855,-3.1356926,9.0,9.0,9.0,9.0
-4.6579523,18.300694,1.0,1.0,1.0,1.0
-0.24928614,8.2336855,1.0,3.0,3.0,1.0
8.076309,-2.3254642,9.0,9.0,9.0,9.0
-1.1906431,14.258846,1.0,1.0,1.0,1.0
-15.228462,12.515451,8.0,8.0,8.0,8.0
-1.0269328,7.9042025,6.0,3.0,3.0,1.0
-5.886419,10.337315,4.0,4.0,4.0,4.0
-10.462336,5.653413,1.0,1.0,1.0,1.0
-6.3504868,8.574491,4.0,4.0,4.0,4.0
0.5813223,5.1159134,5.0,3.0,3.0,5.0
-4.54439,18.131247,1.0,1.0,1.0,1.0
2.1184578,10.436593,1.0,1.0,1.0,1.0
0.1003985,7.3711514,3.0,3.0,3.0,3.0
-4.506332,13.0378475,6.0,3.0,3.0,6.0
1.7381424,3.6532733,3.0,3.0,3.0,3.0
0.9349628,12.460242,1.0,1.0,1.0,1.0
-1.2024858,13.978973,1.0,1.0,1.0,1.0
-15.004025,11.710217,8.0,8.0,8.0,8.0
-11.021129,5.5644026,1.0,1.0,1.0,1.0
3.3175812,9.065738,3.0,3.0,3.0,3.0
-8.068931,21.171867,7.0,1.0,1.0,1.0
-5.5554967,10.372308,4.0,4.0,4.0,4.0
-4.7963157,18.442661,1.0,1.0,1.0,1.0
-6.0210123,8.877779,4.0,4.0,4.0,4.0
1.4155275,11.989639,1.0,1.0,1.0,1.0
-0.15906268,3.3727353,5.0,3.0,3.0,3.0
-5.367925,8.869351,4.0,4.0,4.0,4.0
0.42851594,10.39038,1.0,1.0,1.0,1.0
0.30965585,7.6152883,3.0,3.0,3.0,3.0
3.3123953,8.644024,3.0,3.0,3.0,3.0
-0.3630272,2.8673453,3.0,3.0,3.0,3.0
3.086276,6.037597,4.0,3.0,3.0,4.0
-0.6630207,3.0301504,5.0,3.0,3.0,3.0
-0.89788836,3.06671,5.0,3.0,3.0,5.0
5.285397,22.731718,2.0,2.0,2.0,2.0
-5.9719987,9.231203,4.0,4.0,4.0,4.0
0.39930505,8.648343,7.0,3.0,3.0,1.0
-5.291505,9.763243,4.0,4.0,4.0,4.0
-8.318101,21.559444,7.0,1.0,1.0,1.0
-0.93590176,4.72387,3.0,3.0,3.0,3.0
-1.2606034,13.730013,1.0,1.0,1.0,1.0
-0.967715,13.371434,1.0,1.0,1.0,1.0
-6.273601,10.440929,4.0,4.0,4.0,4.0
1.0813104,12.145639,1.0,1.0,1.0,1.0
-3.5910487,7.319069,7.0,3.0,3.0,1.0
0.67428136,9.186256,1.0,1.0,1.0,1.0
-1.3146863,6.8869066,10.0,3.0,4.0,10.0
-3.8442492,6.898616,7.0,3.0,3.0,1.0
-4.789249,18.193441,1.0,1.0,1.0,1.0
-5.821757,8.964461,4.0,4.0,4.0,4.0
7.920964,-3.5628624,9.0,9.0,9.0,9.0
-5.548369,8.913807,4.0,4.0,4.0,4.0
0.1444384,7.069289,3.0,3.0,3.0,3.0
3.395167,6.101014,4.0,3.0,3.0,4.0
3.2732065,7.788875,3.0,3.0,3.0,3.0
-1.3771241,13.250138,1.0,1.0,1.0,1.0
-6.0356965,9.46084,4.0,4.0,4.0,4.0
3.508458,11.54216,1.0,1.0,1.0,1.0
-1.550992,13.39496,1.0,1.0,1.0,1.0
2.5980728,3.4440026,3.0,3.0,3.0,3.0
3.5571582,11.3489065,1.0,1.0,1.0,1.0
-0.30491462,3.7254877,5.0,3.0,3.0,5.0
-6.1748924,8.93246,4.0,4.0,4.0,4.0
-0.85920936,13.171578,1.0,1.0,1.0,1.0
8.208938,-2.4153981,9.0,9.0,9.0,9.0
-5.91597,10.729557,4.0,4.0,4.0,4.0
-1.6923769,5.835487,3.0,3.0,3.0,3.0
-4.8657336,10.1742935,4.0,4.0,4.0,4.0
1.0097616,6.0611205,3.0,3.0,3.0,3.0
-14.003118,12.013674,8.0,8.0,8.0,8.0
-14.547698,13.005611,8.0,8.0,8.0,8.0
-5.610499,10.168544,4.0,4.0,4.0,4.0
3.0109982,8.911248,3.0,3.0,3.0,3.0
-1.3433843,4.833259,3.0,3.0,3.0,3.0
-6.7824597,9.159795,4.0,4.0,4.0,4.0
-14.157588,12.206722,8.0,8.0,8.0,8.0
-3.7360075,5.110478,3.0,3.0,3.0,3.0
-5.45065,8.829463,4.0,4.0,4.0,4.0
0.7230917,5.0186605,3.0,3.0,3.0,3.0
-3.4455495,5.1769676,3.0,3.0,3.0,3.0
-3.7020442,7.1573973,7.0,3.0,3.0,1.0
16.977026,17.915508,1.0,1.0,1.0,1.0
-4.9000072,13.186843,6.0,3.0,3.0,6.0
0.5319267,11.781371,1.0,1.0,1.0,1.0
0.49923545,11.491106,1.0,1.0,1.0,1.0
-6.420632,9.215689,4.0,4.0,4.0,4.0
-0.61705333,9.04051,4.0,3.0,3.0,4.0
-14.691096,12.545128,8.0,8.0,8.0,8.0
-6.580729,9.7143755,4.0,4.0,4.0,4.0
-3.47576,7.0136566,7.0,3.0,3.0,1.0
-0.5153208,3.9641209,5.0,3.0,3.0,5.0
-5.6632586,9.604473,4.0,4.0,4.0,4.0
3.3397822,8.886326,3.0,3.0,3.0,3.0
-6.068972,10.169072,4.0,4.0,4.0,4.0
-4.816988,13.462953,6.0,3.0,3.0,6.0
-5.573151,9.165296,4.0,4.0,4.0,4.0
-5.3974276,10.073662,4.0,4.0,4.0,4.0
-1.3124712,13.155784,1.0,1.0,1.0,1.0
-4.6643095,5.318092,3.0,3.0,3.0,3.0
8.225752,-3.5613983,9.0,9.0,9.0,9.0
-6.1137023,9.802374,4.0,4.0,4.0,4.0
-8.21101,21.207148,7.0,1.0,1.0,1.0
-6.1278644,9.213639,4.0,4.0,4.0,4.0
-3.997423,5.4140778,3.0,3.0,3.0,3.0
-3.7236345,5.850215,3.0,3.0,3.0,3.0
0.7152358,7.4264364,3.0,3.0,3.0,3.0
-5.835565,10.501758,4.0,4.0,4.0,4.0
-3.335994,5.7014914,3.0,3.0,3.0,3.0
7.4859314,-2.9584632,9.0,9.0,9.0,9.0
0.41428268,6.5696673,3.0,3.0,3.0,3.0
-4.6285944,18.294725,1.0,1.0,1.0,1.0
-5.1744537,13.264536,6.0,3.0,3.0,6.0
-6.9191175,9.736228,4.0,4.0,4.0,4.0
1.1336108,11.937559,1.0,1.0,1.0,1.0
5.8321967,23.136515,2.0,2.0,2.0,2.0
-14.512638,12.339152,8.0,8.0,8.0,8.0
3.3633816,7.788413,3.0,3.0,3.0,3.0
-8.347418,21.376879,7.0,1.0,1.0,1.0
-1.2035338,13.628385,1.0,1.0,1.0,1.0
-4.483856,18.299763,1.0,1.0,1.0,1.0
-1.3909875,7.9095845,6.0,3.0,3.0,6.0
-0.37476498,2.8102036,5.0,3.0,3.0,5.0
-1.572645,5.21412,3.0,3.0,3.0,3.0
1.5237753,4.3511553,3.0,3.0,8.0,3.0
6.0457764,22.550123,2.0,2.0,2.0,2.0
-5.0140896,18.23267,1.0,1.0,1.0,1.0
-4.9658175,9.836121,4.0,4.0,4.0,4.0
1.5376532,12.388128,1.0,1.0,1.0,1.0
-0.2723441,3.2076097,5.0,3.0,3.0,5.0
2.0563307,4.4300885,3.0,3.0,3.0,3.0
5.2007537,22.865017,2.0,2.0,2.0,2.0
-6.7771263,9.208703,4.0,4.0,4.0,4.0
-0.47177744,11.556006,1.0,1.0,1.0,1.0
-1.5571967,13.722914,1.0,1.0,1.0,1.0
-6.601094,10.337869,4.0,4.0,4.0,4.0
7.77119,-3.3562107,9.0,9.0,9.0,9.0
5.619232,23.024464,2.0,2.0,2.0,2.0
0.5217207,10.118099,1.0,1.0,1.0,1.0
5.7204423,7.7735987,4.0,3.0,8.0,4.0
-1.5672941,6.95703,10.0,3.0,4.0,10.0
-4.014002,5.02309,3.0,3.0,3.0,3.0
-0.91070384,14.180887,1.0,1.0,1.0,1.0
8.230537,-3.435722,9.0,9.0,9.0,9.0
-5.6688676,10.011586,4.0,4.0,4.0,4.0
-0.04562157,5.60402,3.0,3.0,3.0,3.0
-4.77463,13.406114,6.0,3.0,3.0,6.0
-2.1431599,8.349806,6.0,3.0,3.0,6.0
-0.94884646,4.763521,3.0,3.0,3.0,3.0
-2.1574695,5.429492,3.0,3.0,3.0,3.0
3.1890602,7.6469336,3.0,3.0,3.0,3.0
-1.5253713,4.9153304,3.0,3.0,3.0,3.0
2.6629264,3.5788054,3.0,3.0,3.0,3.0
-0.69538933,12.700453,1.0,1.0,1.0,1.0
2.065375,7.3047314,3.0,3.0,3.0,3.0
5.5709786,22.272919,2.0,2.0,2.0,2.0
17.099752,17.907915,1.0,1.0,1.0,1.0
3.0555873,11.087278,1.0,1.0,1.0,1.0
-15.097379,12.592465,8.0,8.0,8.0,8.0
2.9379723,8.655301,3.0,3.0,3.0,3.0
-0.5532755,6.9242334,10.0,3.0,8.0,10.0
-3.6050737,7.4317164,7.0,3.0,3.0,1.0
-5.7328596,9.007536,4.0,4.0,4.0,4.0
0.90331566,7.630316,1.0,3.0,3.0,1.0
-1.5082151,8.205982,6.0,3.0,3.0,6.0
3.4761338,6.0182624,4.0,3.0,3.0,4.0
3.6361744,5.8408546,4.0,3.0,3.0,4.0
-1.7802519,4.9626937,3.0,3.0,3.0,3.0
-4.13519,7.182577,7.0,3.0,3.0,1.0
-0.8291517,2.5528612,5.0,3.0,3.0,5.0
-4.663037,18.356016,1.0,1.0,1.0,1.0
6.0110617,22.954739,2.0,2.0,2.0,2.0
-2.4157262,6.6181617,7.0,3.0,3.0,1.0
-0.7249322,5.8484178,3.0,3.0,3.0,3.0
-14.248771,12.585894,8.0,8.0,8.0,8.0
4.978605,22.723389,2.0,2.0,2.0,2.0
-0.7397661,3.1084373,5.0,3.0,3.0,5.0
1.5042672,12.418824,1.0,1.0,1.0,1.0
-0.43409383,7.589783,6.0,3.0,3.0,6.0
-1.4595863,8.316913,6.0,3.0,3.0,6.0
-0.40738416,10.727124,1.0,1.0,1.0,1.0
-5.866707,9.301214,4.0,4.0,4.0,4.0
3.265663,8.708528,3.0,3.0,3.0,3.0
0.79296094,11.752085,1.0,1.0,1.0,1.0
-10.683489,5.4963737,1.0,1.0,1.0,1.0
-1.101689,7.470592,10.0,3.0,4.0,10.0
5.4792013,22.602545,2.0,2.0,2.0,2.0
0.07256097,3.1422362,5.0,3.0,3.0,5.0
-1.1568149,13.375424,1.0,1.0,1.0,1.0
1.7440058,10.5111265,1.0,1.0,1.0,1.0
8.270761,-2.7546844,9.0,9.0,9.0,9.0
0.22133417,6.7405667,3.0,3.0,3.0,3.0
3.2215946,11.312976,1.0,1.0,1.0,1.0
-14.41065,12.604713,8.0,8.0,8.0,8.0
4.479691,23.056593,2.0,2.0,2.0,2.0
-14.080366,12.529909,8.0,8.0,8.0,8.0
-0.8442192,10.314028,1.0,1.0,1.0,1.0
-6.3174934,9.547939,4.0,4.0,4.0,4.0
0.6232387,7.010773,3.0,3.0,3.0,3.0
-3.9101195,6.237683,7.0,3.0,3.0,3.0
-0.8417698,5.1709027,3.0,3.0,3.0,3.0
-6.113141,10.504293,4.0,4.0,4.0,4.0
-0.68947786,9.322783,8.0,8.0,8.0,8.0
-4.422345,18.195282,1.0,1.0,1.0,1.0
-0.3126314,2.5033653,5.0,3.0,3.0,5.0
6.3335185,7.5499125,4.0,3.0,8.0,4.0
-6.523736,10.1825485,4.0,4.0,4.0,4.0
-0.88128704,2.7396948,5.0,3.0,3.0,5.0
-1.4584291,10.7998495,1.0,1.0,1.0,1.0
0.44553357,8.368323,7.0,3.0,3.0,1.0
1.2833958,8.246174,3.0,3.0,3.0,3.0
2.88809,7.835029,3.0,3.0,3.0,3.0
-15.001378,12.183916,8.0,8.0,8.0,8.0
7.968835,-3.4608722,9.0,9.0,9.0,9.0
5.017099,22.163464,2.0,2.0,2.0,2.0
-5.3706636,10.219238,4.0,4.0,4.0,4.0
-1.3021429,14.268593,1.0,1.0,1.0,1.0
-4.7355967,13.598552,6.0,3.0,3.0,6.0
-4.4231033,4.8586016,3.0,3.0,3.0,3.0
-5.686595,10.042774,4.0,4.0,4.0,4.0
8.458504,-3.8144996,9.0,9.0,9.0,9.0
-11.203801,5.709082,1.0,1.0,1.0,1.0
1.7277944,7.280054,3.0,3.0,3.0,3.0
1.0905136,6.6702313,3.0,3.0,3.0,3.0
17.24188,18.050047,1.0,1.0,1.0,1.0
8.372323,-2.7068295,9.0,9.0,9.0,9.0
-0.27085313,8.996896,1.0,3.0,4.0,1.0
5.823971,23.493286,2.0,2.0,2.0,2.0
-1.380066,10.336016,1.0,1.0,1.0,1.0
-6.115322,8.831139,4.0,4.0,4.0,4.0
8.651446,-2.8998194,9.0,9.0,9.0,9.0
-0.15536731,7.716964,4.0,3.0,3.0,4.0
1.9574215,3.3491454,3.0,3.0,3.0,3.0
-0.17964941,5.205663,3.0,3.0,3.0,3.0
-0.28105578,10.398823,1.0,1.0,1.0,1.0
0.5306626,5.5903645,5.0,3.0,3.0,3.0
-0.5639853,3.4440963,5.0,3.0,3.0,5.0
1.3098041,12.350837,1.0,1.0,1.0,1.0
0.07304849,6.1645646,3.0,3.0,3.0,3.0
-14.9889,12.579307,8.0,8.0,8.0,8.0
0.24975887,6.0785437,3.0,3.0,8.0,3.0
-4.035513,7.296533,7.0,3.0,3.0,1.0
0.41249824,11.182079,1.0,1.0,1.0,1.0
-11.130584,5.092936,1.0,1.0,1.0,1.0
-3.8172796,7.3948746,7.0,3.0,3.0,1.0
-4.729612,5.2881026,3.0,3.0,3.0,3.0
-3.2332225,7.3934555,7.0,3.0,3.0,1.0
1.4230338,3.8773263,3.0,3.0,3.0,3.0
-2.3569195,8.4526415,6.0,3.0,3.0,6.0
-14.555465,11.883847,8.0,8.0,8.0,8.0
-1.5448667,5.955248,3.0,3.0,3.0,3.0
-8.125374,21.404604,7.0,1.0,1.0,1.0
4.5059023,23.095652,2.0,2.0,2.0,2.0
-1.125232,8.691056,6.0,3.0,3.0,6.0
0.078639574,11.2031145,1.0,1.0,1.0,1.0
-0.6478963,3.1285567,5.0,3.0,3.0,5.0
-0.5033788,3.2623153,5.0,3.0,3.0,3.0
2.5166662,3.4935856,3.0,3.0,3.0,3.0
-1.1449174,13.590116,1.0,1.0,1.0,1.0
-14.367488,12.672449,8.0,8.0,8.0,8.0
-1.5605259,5.525775,3.0,3.0,3.0,3.0
-0.8259744,14.091828,1.0,1.0,1.0,1.0
7.6489644,-3.3923662,9.0,9.0,9.0,9.0
-3.571066,7.2905335,7.0,3.0,3.0,1.0
-2.9824023,7.0707,7.0,3.0,3.0,1.0
-2.0824518,5.351136,3.0,3.0,3.0,3.0
1.8295219,3.5059385,3.0,3.0,3.0,3.0
-11.21602,5.3218665,1.0,1.0,1.0,1.0
0.64543265,6.389407,3.0,3.0,3.0,3.0
16.899868,17.70541,1.0,1.0,1.0,1.0
6.317901,7.877523,4.0,3.0,8.0,4.0
-3.6317062,5.718483,3.0,3.0,3.0,3.0
1.9257555,3.589764,3.0,3.0,3.0,3.0
0.4942121,10.360519,1.0,1.0,1.0,1.0
-4.8340306,13.152071,6.0,3.0,3.0,6.0
1.762287,5.7563996,3.0,3.0,3.0,3.0
1.3772085,12.372604,1.0,1.0,1.0,1.0
3.361776,11.14893,1.0,1.0,1.0,1.0
3.3544176,5.55661,4.0,3.0,3.0,4.0
-1.118267,13.545062,1.0,1.0,1.0,1.0
-0.82989454,13.3247795,1.0,1.0,1.0,1.0
0.9434063,7.260909,3.0,3.0,3.0,3.0
0.08558463,8.653757,7.0,3.0,3.0,1.0
-3.3067727,5.7224956,3.0,3.0,3.0,3.0
3.1632583,6.28511,4.0,3.0,3.0,4.0
1.2770021,7.245736,3.0,3.0,3.0,3.0
-15.204313,12.815511,8.0,8.0,8.0,8.0
-8.293439,21.720453,7.0,1.0,1.0,1.0
-6.4449167,10.167226,4.0,4.0,4.0,4.0
3.4757152,11.387938,1.0,1.0,1.0,1.0
-0.21462578,7.9212418,3.0,3.0,3.0,3.0
5.487606,22.89944,2.0,2.0,2.0,2.0
2.0725093,10.005538,1.0,1.0,1.0,1.0
2.411073,10.862161,1.0,1.0,1.0,1.0
-8.460942,21.550833,7.0,1.0,1.0,1.0
0.46077985,11.512596,1.0,1.0,1.0,1.0
0.61733687,7.8200192,3.0,3.0,3.0,3.0
-0.5340883,3.3563159,5.0,3.0,3.0,5.0
1.3703125,8.528567,3.0,3.0,3.0,3.0
-1.3205054,10.855466,1.0,1.0,1.0,1.0
6.239281,7.7746954,4.0,3.0,8.0,4.0
-3.9838576,5.6828384,3.0,3.0,3.0,3.0
-0.45297313,5.386131,3.0,3.0,3.0,3.0
-1.1312627,5.740632,3.0,3.0,3.0,3.0
8.144728,-3.7227032,9.0,9.0,9.0,9.0
-1.5960112,10.868598,1.0,1.0,1.0,1.0
-6.004833,8.989747,4.0,4.0,4.0,4.0
5.8473444,23.159746,2.0,2.0,2.0,2.0
6.2441087,7.685796,4.0,3.0,8.0,4.0
-1.2677107,5.6074796,3.0,3.0,3.0,3.0
-4.55582,5.0771294,3.0,3.0,3.0,3.0
-4.068426,7.2701335,7.0,3.0,3.0,1.0
5.8751183,22.786308,2.0,2.0,2.0,2.0
1.8974457,3.6997736,3.0,3.0,3.0,3.0
-0.6815705,12.96107,1.0,1.0,1.0,1.0
-5.676768,10.419175,4.0,4.0,4.0,4.0
4.679904,22.546442,2.0,2.0,2.0,2.0
6.1368704,23.56491,2.0,2.0,2.0,2.0
0.042837072,10.877525,1.0,1.0,1.0,1.0
-4.5958123,9.797347,4.0,4.0,4.0,4.0
-0.9880426,13.735429,1.0,1.0,1.0,1.0
-14.845188,11.9790125,8.0,8.0,8.0,8.0
2.9192977,11.008815,1.0,1.0,1.0,1.0
-5.117899,13.428158,6.0,3.0,3.0,6.0
-1.2482144,5.0984645,3.0,3.0,3.0,3.0
2.886746,8.6298485,3.0,3.0,3.0,3.0
-0.4288826,4.143274,5.0,3.0,3.0,3.0
-0.13919117,7.459493,3.0,3.0,3.0,3.0
-2.6611614,6.428654,4.0,3.0,3.0,3.0
-1.3641121,13.760089,1.0,1.0,1.0,1.0
3.0250728,8.841183,3.0,3.0,3.0,3.0
17.143795,17.949821,1.0,1.0,1.0,1.0
-0.113068655,5.358308,3.0,3.0,3.0,3.0
-0.043653022,5.050307,3.0,3.0,3.0,3.0
5.2574697,22.615772,2.0,2.0,2.0,2.0
2.6285784,3.7078264,3.0,3.0,3.0,3.0
0.9405879,11.870812,1.0,1.0,1.0,1.0
4.3246894,23.009394,2.0,2.0,2.0,2.0
4.7631207,22.992842,2.0,2.0,2.0,2.0
3.3760443,9.241986,3.0,3.0,3.0,3.0
-10.652389,5.2859344,1.0,1.0,1.0,1.0
-0.87040657,7.7852306,10.0,3.0,3.0,6.0
-4.997245,18.45724,1.0,1.0,1.0,1.0
1.6025083,5.9421797,3.0,3.0,3.0,3.0
0.23581466,6.3232846,3.0,3.0,3.0,3.0
-0.95522094,8.387122,6.0,3.0,3.0,6.0
-10.940518,5.6751304,1.0,1.0,1.0,1.0
-5.5399547,10.297008,4.0,4.0,4.0,4.0
-4.4949493,5.3376675,3.0,3.0,3.0,3.0
-0.041307732,5.1316447,3.0,3.0,3.0,3.0
-1.8533033,8.187147,6.0,3.0,3.0,6.0
-5.2867503,13.112837,6.0,3.0,3.0,6.0
5.3010516,23.203205,2.0,2.0,2.0,2.0
-6.193861,10.21092,4.0,4.0,4.0,4.0
-0.24762121,7.6950517,3.0,3.0,3.0,3.0
-6.630081,9.778765,4.0,4.0,4.0,4.0
-0.38020253,10.076411,1.0,3.0,3.0,1.0
1.0127859,4.2963977,3.0,3.0,3.0,3.0
0.9029416,5.2414384,3.0,3.0,3.0,3.0
1.3968304,12.3583765,1.0,1.0,1.0,1.0
-14.836512,12.356145,8.0,8.0,8.0,8.0
-0.4842931,3.4391816,5.0,3.0,3.0,5.0
2.2602417,3.8145761,3.0,3.0,3.0,3.0
-2.2452068,8.402037,6.0,3.0,3.0,6.0
0.7718251,7.037051,3.0,3.0,3.0,3.0
0.71060914,10.352966,1.0,1.0,1.0,1.0
0.38061902,5.278582,3.0,3.0,3.0,3.0
-3.6574323,6.735783,7.0,3.0,3.0,1.0
17.082764,17.888758,1.0,1.0,1.0,1.0
0.2707028,3.9632628,5.0,3.0,3.0,3.0
-8.283944,21.521282,7.0,1.0,1.0,1.0
1.4543338,12.230267,1.0,1.0,1.0,1.0
3.078907,7.657788,3.0,3.0,3.0,3.0
1.3110763,6.891624,3.0,3.0,3.0,3.0
-3.7494044,7.1123347,7.0,3.0,3.0,1.0
5.6523747,22.233501,2.0,2.0,2.0,2.0
-15.185666,12.180847,8.0,8.0,8.0,8.0
-1.1300973,5.8727775,3.0,3.0,3.0,3.0
3.7391837,6.119036,4.0,3.0,3.0,4.0
3.2623413,8.504114,3.0,3.0,3.0,3.0
-0.7763959,14.031033,1.0,1.0,1.0,1.0
-0.49229288,5.5036407,3.0,3.0,3.0,3.0
-4.091542,5.339654,3.0,3.0,3.0,3.0
-2.299456,7.28171,1.0,3.0,1.0,1.0
-0.8483876,5.3203344,3.0,3.0,3.0,3.0
-1.8650959,5.404503,3.0,3.0,3.0,3.0
2.490524,10.99362,1.0,1.0,1.0,1.0
1.7535006,5.820511,3.0,3.0,3.0,3.0
-1.1479701,5.096945,3.0,3.0,3.0,3.0
8.015302,-2.9124615,9.0,9.0,9.0,9.0
-4.697322,10.023135,4.0,4.0,4.0,4.0
-0.5330778,10.912502,1.0,1.0,1.0,1.0
5.833827,22.48107,2.0,2.0,2.0,2.0
-10.641016,5.2600484,1.0,1.0,1.0,1.0
-0.9512343,8.02949,6.0,3.0,3.0,6.0
-15.004167,11.861333,8.0,8.0,8.0,8.0
-3.578545,7.0655117,7.0,3.0,3.0,1.0
-0.6692946,3.9084744,5.0,3.0,3.0,5.0
3.46384,6.3318458,4.0,3.0,3.0,4.0
-15.190023,12.342252,8.0,8.0,8.0,8.0
0.045076855,3.4639156,5.0,3.0,3.0,5.0
1.12815,12.692318,1.0,1.0,1.0,1.0
-0.2424838,8.695148,7.0,3.0,3.0,1.0
-1.6104827,5.154302,3.0,3.0,3.0,3.0
1.3108546,8.493473,3.0,3.0,4.0,3.0
-1.5306389,8.742004,6.0,3.0,3.0,6.0
0.44369492,5.9398785,5.0,3.0,3.0,3.0
17.133038,17.944366,1.0,1.0,1.0,1.0
3.4996428,6.227184,4.0,3.0,3.0,4.0
5.924775,22.7621,2.0,2.0,2.0,2.0
1.3511982,3.917061,3.0,3.0,8.0,3.0
-1.9101548,5.559604,3.0,3.0,3.0,3.0
-14.986633,11.861592,8.0,8.0,8.0,8.0
0.70602083,5.8062415,3.0,3.0,3.0,3.0
-1.994544,4.4867725,5.0,3.0,3.0,5.0
0.56214786,4.8349895,3.0,3.0,8.0,3.0
0.7980253,9.817926,1.0,1.0,3.0,1.0
-0.5891884,6.3677583,3.0,3.0,3.0,3.0
-5.708114,8.668294,4.0,4.0,4.0,4.0
-10.660832,5.154471,1.0,1.0,1.0,1.0
5.2027235,23.023392,2.0,2.0,2.0,2.0
-1.3791382,4.4152203,3.0,3.0,3.0,3.0
-0.6324353,5.874779,3.0,3.0,3.0,3.0
-4.173353,5.086737,3.0,3.0,3.0,3.0
0.59982395,7.007383,3.0,3.0,3.0,3.0
2.9416816,5.9224033,4.0,3.0,3.0,4.0
-14.676417,12.689444,8.0,8.0,8.0,8.0
2.350797,3.5958633,3.0,3.0,3.0,3.0
-0.7018842,7.21747,3.0,3.0,3.0,3.0
3.2160463,11.246593,1.0,1.0,1.0,1.0
-10.956527,5.1167655,1.0,1.0,1.0,1.0
1.105671,7.581215,3.0,3.0,3.0,3.0
-0.17911682,9.623162,1.0,1.0,8.0,1.0
-4.594679,4.515525,3.0,3.0,3.0,3.0
5.8030653,7.7530828,4.0,3.0,8.0,4.0
2.6876755,10.984993,1.0,1.0,1.0,1.0
1.9539369,5.7855825,3.0,3.0,3.0,3.0
-1.0176293,12.959729,1.0,1.0,1.0,1.0
1.5193355,7.2212067,3.0,3.0,8.0,3.0
0.22127521,11.209667,1.0,1.0,1.0,1.0
1.6423322,4.4732056,3.0,3.0,8.0,3.0
6.163798,7.603307,4.0,3.0,8.0,4.0
-4.054539,5.637054,3.0,3.0,3.0,3.0
0.12734938,7.9271836,3.0,3.0,3.0,3.0
5.3507237,22.759851,6.0,3.0,3.0,6.0
-1.9686843,5.590695,3.0,3.0,3.0,3.0
-8.088409,21.331429,7.0,1.0,1.0,1.0
-0.19416925,2.8490956,5.0,3.0,3.0,5.0
-0.34731054,2.8670802,5.0,3.0,3.0,5.0
-3.731967,6.3801026,7.0,3.0,3.0,1.0
-1.4581847,4.7765474,3.0,3.0,3.0,3.0
-0.8427317,5.6069193,3.0,3.0,3.0,3.0
-1.5015755,10.521611,1.0,1.0,1.0,1.0
-5.730122,9.07934,4.0,3.0,4.0,4.0
-0.8698721,8.939479,6.0,3.0,3.0,6.0
-6.1826158,8.712921,4.0,4.0,4.0,4.0
-1.1970904,4.5075893,3.0,3.0,3.0,3.0
8.231064,-2.6420393,9.0,9.0,9.0,9.0
0.37027177,4.1475015,5.0,3.0,3.0,5.0
5.836536,22.23811,2.0,2.0,2.0,2.0
-4.7996244,13.0829525,6.0,3.0,3.0,6.0
7.9833546,-2.1986651,9.0,9.0,9.0,9.0
0.875826,8.517635,3.0,3.0,3.0,3.0
-14.001686,12.050428,8.0,8.0,8.0,8.0
1.6542989,5.7767234,3.0,3.0,3.0,3.0
2.006884,4.1138773,3.0,3.0,3.0,3.0
-0.958105,5.022538,3.0,3.0,3.0,3.0
-2.2897499,8.379988,6.0,3.0,3.0,6.0
1.3645129,4.6632667,3.0,3.0,3.0,3.0
0.30932888,4.546576,5.0,3.0,3.0,5.0
3.7697792,8.787572,3.0,3.0,3.0,3.0
0.78886706,6.603162,1.0,3.0,3.0,1.0
-14.086349,11.912324,8.0,8.0,8.0,8.0
2.5471807,10.841879,1.0,1.0,1.0,1.0
-8.348664,21.4613,7.0,1.0,1.0,1.0
-5.052189,13.353843,6.0,3.0,3.0,6.0
17.234104,18.041275,1.0,1.0,1.0,1.0
0.12669773,8.823532,7.0,3.0,3.0,1.0
-4.57881,5.394251,3.0,3.0,3.0,3.0
0.32475019,5.2714176,3.0,3.0,3.0,3.0
0.48530737,7.302589,3.0,3.0,3.0,3.0
-14.404516,12.830167,8.0,8.0,8.0,8.0
-1.0552989,6.04443,3.0,3.0,3.0,3.0
7.6437764,-3.0916457,9.0,9.0,9.0,9.0
2.0677807,4.3537617,3.0,3.0,3.0,3.0
1.3000494,8.291366,3.0,3.0,3.0,3.0
0.8220467,8.003613,3.0,3.0,3.0,3.0
-0.289829,8.859329,4.0,3.0,3.0,4.0
17.038584,17.84981,1.0,1.0,1.0,1.0
2.7333865,8.374053,3.0,3.0,3.0,3.0
5.760291,22.39393,2.0,2.0,2.0,2.0
-3.6401875,5.0047026,3.0,3.0,3.0,3.0
6.1371307,22.61382,2.0,2.0,2.0,2.0
0.44665495,4.621311,3.0,3.0,3.0,3.0
-8.358848,21.248163,7.0,1.0,1.0,1.0
8.262195,-2.1576066,9.0,9.0,9.0,9.0
2.7309766,5.922658,4.0,3.0,3.0,4.0
-1.4269493,10.509966,1.0,1.0,1.0,1.0
17.235455,18.044067,1.0,1.0,1.0,1.0
-14.51503,12.175947,8.0,8.0,8.0,8.0
5.4461493,23.07204,2.0,2.0,2.0,2.0
-1.5960345,7.0387278,10.0,3.0,4.0,10.0
0.89583665,7.8958645,7.0,3.0,3.0,1.0
-5.9076915,10.562314,4.0,4.0,4.0,4.0
-0.0652831,6.3744564,3.0,3.0,3.0,3.0
-1.8691703,4.6626406,9.0,9.0,9.0,9.0
-5.044831,13.2866,6.0,3.0,3.0,6.0
-5.2458544,10.028811,4.0,4.0,4.0,4.0
-5.965428,10.765574,4.0,4.0,4.0,4.0
-4.018821,5.8636284,3.0,3.0,3.0,3.0
2.4187093,11.0184965,1.0,1.0,1.0,1.0
4.51944,22.922125,2.0,2.0,2.0,2.0
1.8306743,9.53323,3.0,1.0,1.0,3.0
0.5424958,10.223298,1.0,1.0,3.0,1.0
7.896477,-3.0069845,9.0,9.0,9.0,9.0
3.792381,5.985631,4.0,3.0,3.0,4.0
8.334475,-2.5527148,9.0,9.0,9.0,9.0
-0.07956878,4.545935,5.0,3.0,3.0,5.0
-0.28859338,7.8661447,4.0,3.0,3.0,4.0
-11.036825,5.213315,1.0,1.0,1.0,1.0
-14.110147,12.489964,8.0,8.0,8.0,8.0
17.18352,17.989016,1.0,1.0,1.0,1.0
2.600863,3.9034598,3.0,3.0,3.0,3.0
-14.426487,11.589914,8.0,8.0,8.0,8.0
-11.102792,5.526001,1.0,1.0,1.0,1.0
-8.203803,21.537739,7.0,1.0,1.0,1.0
7.8263793,-3.0768852,9.0,9.0,9.0,9.0
0.4297379,5.9938188,3.0,3.0,3.0,3.0
-2.0706275,5.0492063,3.0,3.0,3.0,3.0
-1.1275021,13.166627,1.0,1.0,1.0,1.0
5.252434,23.797592,2.0,2.0,2.0,2.0
7.8475394,-2.3640654,9.0,9.0,9.0,9.0
-10.909968,5.4912558,1.0,1.0,1.0,1.0
-0.4143229,6.310422,3.0,3.0,3.0,3.0
8.057032,-2.137419,9.0,9.0,9.0,9.0
-4.676948,4.73899,3.0,3.0,3.0,3.0
5.623484,23.628407,2.0,2.0,2.0,2.0
7.6372714,-2.5738487,9.0,9.0,9.0,9.0
-1.9664838,4.865705,3.0,3.0,3.0,3.0
-4.393742,5.8378677,3.0,3.0,3.0,3.0
5.931085,22.783163,2.0,2.0,2.0,2.0
-14.084833,12.253856,8.0,8.0,8.0,8.0
-1.0862257,12.632782,1.0,1.0,1.0,1.0
0.45433205,8.911221,7.0,3.0,3.0,1.0
-2.2089972,5.2591686,3.0,3.0,3.0,3.0
-0.6665207,13.406365,1.0,1.0,1.0,1.0
8.266824,-2.821116,9.0,9.0,9.0,9.0
-0.6983194,14.056773,1.0,1.0,1.0,1.0
0.3915025,5.2010145,5.0,3.0,3.0,3.0
8.282953,-2.0402803,9.0,9.0,9.0,9.0
-0.19939613,2.7318003,5.0,3.0,3.0,5.0
8.055776,-3.0606108,9.0,9.0,9.0,9.0
-6.1230884,9.511338,4.0,4.0,4.0,4.0
-4.7822704,10.177537,4.0,4.0,4.0,4.0
2.4684958,3.677161,3.0,3.0,3.0,3.0
-6.4007883,8.978748,4.0,4.0,4.0,4.0
5.5979285,22.81474,2.0,2.0,2.0,2.0
-8.633292,21.712635,7.0,1.0,1.0,1.0
-1.0352468,5.1961946,3.0,3.0,3.0,3.0
-0.111014076,11.261626,1.0,1.0,1.0,1.0
-5.772124,9.527916,4.0,4.0,4.0,4.0
2.216074,3.3184707,3.0,3.0,3.0,3.0
1.0862715,7.0811844,3.0,3.0,3.0,3.0
-0.36501446,6.790033,1.0,3.0,3.0,1.0
-4.371489,5.556782,3.0,3.0,3.0,3.0
0.61743796,6.6535406,3.0,3.0,3.0,3.0
0.8849439,7.6667585,1.0,3.0,3.0,1.0
-0.24456489,6.3326945,3.0,3.0,3.0,3.0
-1.1305065,4.836479,5.0,3.0,3.0,5.0
3.4066563,9.107054,3.0,3.0,3.0,3.0
-3.2472873,7.0266223,7.0,3.0,3.0,1.0
-0.929299,13.089166,1.0,1.0,1.0,1.0
-0.06665659,10.996004,1.0,1.0,1.0,1.0
8.624385,-3.4529684,9.0,9.0,9.0,9.0
-0.37154317,8.9022045,3.0,3.0,8.0,3.0
-4.741952,18.179724,1.0,1.0,1.0,1.0
1.6008637,10.278366,1.0,1.0,1.0,1.0
3.7014945,9.03363,3.0,3.0,3.0,3.0
-1.1816373,8.017545,6.0,3.0,3.0,6.0
-5.3718495,9.902967,4.0,4.0,4.0,4.0
7.8952327,-2.3205311,9.0,9.0,9.0,9.0
5.574997,22.912397,2.0,2.0,2.0,2.0
3.2811432,5.915592,1.0,3.0,3.0,4.0
0.030850125,5.0248966,3.0,3.0,3.0,3.0
-1.6045518,7.0372906,10.0,3.0,3.0,10.0
0.51450676,6.085124,3.0,3.0,3.0,3.0
8.106462,-1.9678266,9.0,9.0,9.0,9.0
2.1716845,10.224383,1.0,1.0,1.0,1.0
1.6948706,6.329587,3.0,3.0,3.0,3.0
-0.9447126,3.7169735,3.0,3.0,3.0,3.0
-0.72148556,4.8486915,5.0,3.0,3.0,5.0
-0.84602624,6.9358926,3.0,3.0,3.0,3.0
-5.1555133,18.377972,1.0,1.0,1.0,1.0
-6.6072245,9.524815,4.0,4.0,4.0,4.0
-6.2794504,9.659904,4.0,4.0,4.0,4.0
3.623489,5.5870104,4.0,3.0,3.0,4.0
1.9142574,8.520324,3.0,3.0,3.0,3.0
0.5978086,6.906289,1.0,3.0,3.0,1.0
-14.40542,12.065996,8.0,8.0,8.0,8.0
5.652937,22.663921,2.0,2.0,4.0,2.0
0.80484426,10.430404,1.0,1.0,1.0,1.0
0.8968693,5.69631,3.0,3.0,8.0,3.0
-0.6584136,6.2432117,3.0,3.0,3.0,3.0
-0.9805768,8.462485,6.0,3.0,3.0,6.0
-0.38751677,8.534642,3.0,3.0,3.0,3.0
5.6907864,23.262491,2.0,2.0,2.0,2.0
1.4398776,4.198226,3.0,3.0,3.0,3.0
1.1523567,8.082117,3.0,3.0,3.0,3.0
-6.531833,10.384411,4.0,4.0,4.0,4.0
-0.76675004,6.9532022,3.0,3.0,3.0,3.0
-1.5697722,13.407745,1.0,1.0,1.0,1.0
-3.2845283,6.9754257,7.0,3.0,3.0,1.0
-1.2379235,4.8861976,3.0,3.0,3.0,3.0
-14.51051,11.917394,8.0,8.0,8.0,8.0
-6.897491,10.342417,4.0,4.0,4.0,4.0
-0.16275951,5.550914,3.0,3.0,3.0,3.0
1.242498,12.252012,1.0,1.0,1.0,1.0
1.3059093,8.5234165,3.0,3.0,3.0,3.0
0.044877294,7.021944,3.0,3.0,3.0,3.0
-3.6120596,5.709474,3.0,3.0,3.0,3.0
0.8243756,11.686288,1.0,1.0,8.0,1.0
0.08113227,2.9026628,5.0,3.0,3.0,5.0
1.6929773,10.14236,1.0,1.0,1.0,1.0
2.8235512,3.413788,3.0,3.0,3.0,3.0
5.950215,22.75221,2.0,2.0,2.0,2.0
17.147573,17.955048,1.0,1.0,1.0,1.0
4.670505,23.1166,2.0,2.0,2.0,2.0
2.6292834,11.093363,1.0,1.0,1.0,1.0
-4.391669,5.205799,3.0,3.0,3.0,3.0
0.7618623,7.3599615,3.0,3.0,3.0,3.0
3.3558898,5.4558983,4.0,3.0,3.0,4.0
-15.207653,11.847966,8.0,8.0,8.0,8.0
1.2537203,8.380902,3.0,3.0,3.0,3.0
2.9483373,8.839566,3.0,3.0,3.0,3.0
-0.2269189,7.957915,1.0,3.0,3.0,1.0
-6.1337843,10.447922,4.0,4.0,4.0,4.0
0.50581884,7.280974,3.0,3.0,3.0,1.0
16.898996,17.708055,1.0,1.0,1.0,1.0
-0.88963306,5.022079,3.0,3.0,3.0,3.0
-1.5963993,10.712223,1.0,1.0,1.0,1.0
3.3894083,5.4313564,4.0,3.0,3.0,4.0
-0.0711273,11.353763,1.0,1.0,1.0,1.0
0.25993162,8.25193,7.0,3.0,3.0,1.0
1.1737667,11.921505,1.0,1.0,1.0,1.0
7.7396054,-3.4776745,9.0,9.0,9.0,9.0
2.6720748,3.444784,3.0,3.0,3.0,3.0
17.10748,17.916224,1.0,1.0,1.0,1.0
-0.75287086,7.864294,6.0,3.0,3.0,6.0
-0.42556113,3.5995927,5.0,3.0,3.0,5.0
0.942886,7.289464,3.0,3.0,3.0,3.0
-3.2939775,7.4044785,7.0,3.0,3.0,1.0
5.4463034,23.012241,2.0,2.0,2.0,2.0
-8.017342,21.213839,7.0,1.0,1.0,1.0
5.3623195,22.30653,2.0,2.0,2.0,2.0
-4.6283517,18.08766,1.0,1.0,1.0,1.0
-0.42683667,3.2954857,5.0,3.0,3.0,5.0
-0.24779008,7.8097553,4.0,3.0,3.0,4.0
-3.7769277,6.6998496,7.0,3.0,3.0,1.0
-0.6179367,3.1325288,5.0,3.0,3.0,5.0
3.6427174,5.8937397,4.0,3.0,3.0,4.0
-0.34784815,3.1730847,5.0,3.0,3.0,5.0
-11.071267,5.506448,1.0,1.0,1.0,1.0
-0.1395644,7.924966,4.0,3.0,3.0,4.0
1.7526557,6.079308,3.0,3.0,3.0,3.0
1.125895,12.319647,1.0,1.0,1.0,1.0
-1.7731116,8.408905,6.0,3.0,3.0,6.0
0.102156736,8.449977,7.0,3.0,3.0,1.0
-1.6559474,10.914763,1.0,1.0,1.0,1.0
3.3726046,8.923437,3.0,3.0,3.0,3.0
-0.18290395,7.8968234,4.0,3.0,3.0,4.0
3.623915,11.497927,1.0,1.0,1.0,1.0
1.530241,8.814871,3.0,3.0,3.0,3.0
-0.60512644,4.1054974,5.0,3.0,3.0,5.0
0.096189246,7.691599,4.0,3.0,3.0,4.0
-2.2460973,5.260322,3.0,3.0,3.0,3.0
0.012683184,5.3922276,3.0,3.0,3.0,3.0
2.9456966,5.827503,4.0,3.0,3.0,4.0
2.0415506,5.9349985,3.0,3.0,3.0,3.0
6.4924684,7.486073,4.0,3.0,8.0,4.0
-1.1681854,5.058205,3.0,3.0,3.0,3.0
-0.04605741,6.5464516,3.0,3.0,3.0,3.0
0.7287146,8.318639,3.0,3.0,3.0,3.0
0.8840858,6.7774787,3.0,3.0,3.0,3.0
-0.64555466,3.0132992,5.0,3.0,3.0,5.0
-1.2141153,7.2454386,10.0,3.0,3.0,10.0
-1.603266,5.946568,3.0,3.0,3.0,3.0
-1.453805,13.5759325,1.0,1.0,1.0,1.0
-5.9495144,10.537045,4.0,4.0,4.0,4.0
5.0098767,22.552261,2.0,2.0,2.0,2.0
1.0802634,9.389602,1.0,1.0,1.0,1.0
0.30382454,6.532305,3.0,3.0,3.0,3.0
-0.9972046,7.4157166,10.0,3.0,8.0,10.0
-0.36688507,5.8729825,3.0,3.0,3.0,3.0
-0.7500221,13.643111,1.0,1.0,1.0,1.0
-0.38214228,13.953908,1.0,1.0,1.0,1.0
-14.796628,12.447135,8.0,8.0,8.0,8.0
-3.1483138,6.9232264,7.0,3.0,3.0,1.0
-1.6885694,7.970339,6.0,3.0,3.0,6.0
-8.291583,21.141668,7.0,1.0,1.0,1.0
1.8926482,4.85214,3.0,3.0,3.0,3.0
2.3931906,4.0391784,3.0,3.0,3.0,3.0
5.5071297,22.907541,2.0,2.0,2.0,2.0
-3.1760108,5.2439575,3.0,3.0,3.0,3.0
1.7560056,5.5469184,3.0,3.0,3.0,3.0
-0.6766814,3.4575353,5.0,3.0,3.0,5.0
-6.376309,9.984772,4.0,4.0,4.0,4.0
3.4101765,8.641059,3.0,3.0,3.0,3.0
-0.23801908,5.702755,5.0,3.0,3.0,3.0
2.2432091,3.4219513,3.0,3.0,3.0,3.0
17.255552,18.063646,1.0,3.0,1.0,1.0
8.094919,-3.6008952,9.0,9.0,9.0,9.0
-4.3533907,5.738013,3.0,3.0,3.0,3.0
1.5736578,12.394464,1.0,1.0,1.0,1.0
3.4201734,8.3592825,3.0,3.0,3.0,3.0
-0.1277692,2.8702493,5.0,3.0,3.0,5.0
-8.269236,21.749798,7.0,1.0,1.0,1.0
-1.1655389,7.25142,10.0,3.0,4.0,10.0
-1.8826362,5.9000025,3.0,3.0,3.0,3.0
0.7081599,10.105275,1.0,1.0,1.0,1.0
-5.798458,9.322747,4.0,4.0,4.0,4.0
-3.3950672,7.2887077,7.0,3.0,3.0,1.0
-4.3966846,18.418715,1.0,1.0,1.0,1.0
1.1778128,6.293756,3.0,3.0,3.0,3.0
-6.436666,10.297771,4.0,4.0,4.0,4.0
-10.95496,5.327919,1.0,1.0,1.0,1.0
2.4974308,4.084434,3.0,3.0,3.0,3.0
-0.47587693,12.963263,1.0,1.0,1.0,1.0
-1.2292044,10.801671,1.0,1.0,1.0,1.0
-3.053461,7.170999,7.0,3.0,3.0,1.0
6.101637,7.503954,3.0,3.0,8.0,3.0
0.015901655,11.369164,1.0,1.0,1.0,1.0
0.4074679,4.7975535,3.0,3.0,3.0,3.0
-14.714002,11.727694,8.0,8.0,8.0,8.0
-4.0487375,7.403668,7.0,3.0,3.0,1.0
1.7627437,3.940856,3.0,3.0,3.0,3.0
-8.418236,21.086163,7.0,1.0,1.0,1.0
-0.39800602,7.5308914,6.0,3.0,3.0,6.0
1.3156908,4.794092,3.0,3.0,3.0,3.0
2.7912033,9.062247,3.0,3.0,3.0,3.0
1.3468049,12.680862,1.0,1.0,1.0,1.0
1.2858623,3.8466897,3.0,3.0,3.0,3.0
-4.667761,18.359058,1.0,1.0,1.0,1.0
3.7713358,6.3056016,4.0,3.0,3.0,4.0
-5.9476824,8.622521,4.0,4.0,4.0,4.0
4.6644,22.898624,2.0,2.0,2.0,2.0
5.7938104,22.164236,2.0,2.0,2.0,2.0
-1.413966,8.577577,6.0,3.0,3.0,6.0
3.0081668,7.5595036,3.0,3.0,3.0,3.0
-4.445294,4.983595,3.0,3.0,3.0,3.0
-4.9528584,10.219009,4.0,4.0,4.0,4.0
-14.451556,12.121404,8.0,8.0,8.0,8.0
-10.704739,5.3761272,1.0,1.0,1.0,1.0
-1.5675317,6.863358,10.0,1.0,4.0,10.0
-0.65001106,7.4631586,6.0,3.0,4.0,6.0
-4.8738284,17.982546,1.0,1.0,1.0,1.0
-6.4902897,9.400496,4.0,4.0,4.0,4.0
-2.7915585,5.4214163,3.0,3.0,3.0,3.0
8.669387,-2.9000695,9.0,9.0,9.0,9.0
0.72276336,7.7629886,3.0,3.0,3.0,3.0
0.21845655,8.972381,1.0,3.0,3.0,1.0
-0.15388337,6.369988,3.0,3.0,3.0,3.0
0.039693058,7.786831,4.0,3.0,3.0,4.0
-1.5927916,10.829052,1.0,1.0,1.0,1.0
0.4323824,8.781456,7.0,3.0,3.0,1.0
-1.0420697,4.5805798,3.0,3.0,3.0,3.0
-0.2984052,11.142154,1.0,1.0,1.0,1.0
2.200631,10.120993,1.0,1.0,1.0,1.0
-0.3785056,6.510684,3.0,3.0,3.0,3.0
3.0711582,9.169275,3.0,3.0,3.0,3.0
1.8865546,6.114669,3.0,3.0,3.0,3.0
1.4187133,3.9682415,3.0,3.0,3.0,3.0
6.154628,7.683256,4.0,3.0,8.0,4.0
-1.6088492,13.853555,1.0,1.0,1.0,1.0
0.008183102,5.5045733,3.0,3.0,3.0,3.0
0.8807416,8.527088,3.0,3.0,3.0,3.0
1.3460944,8.616437,3.0,3.0,3.0,3.0
-14.327101,11.760948,8.0,8.0,8.0,8.0
-1.6651354,8.708345,6.0,3.0,3.0,6.0
0.9932783,12.260573,1.0,1.0,1.0,1.0
2.9787664,7.5720415,3.0,3.0,3.0,3.0
3.610422,11.531706,1.0,1.0,1.0,1.0
-1.4735181,14.117374,1.0,1.0,1.0,1.0
-0.6177208,13.924997,1.0,1.0,1.0,1.0
1.0105941,6.4730444,3.0,3.0,3.0,3.0
5.3456426,23.445478,2.0,2.0,2.0,2.0
-1.0745825,8.393249,6.0,3.0,3.0,6.0
3.7081897,5.6752796,4.0,3.0,3.0,4.0
5.521252,7.7871795,4.0,3.0,8.0,4.0
-6.615703,8.98568,4.0,4.0,4.0,4.0
1.0727049,12.077139,1.0,1.0,1.0,1.0
-6.7263613,9.988459,4.0,4.0,4.0,4.0
6.137267,7.828041,4.0,3.0,8.0,4.0
-4.5096083,13.416211,6.0,3.0,3.0,6.0
-14.945395,13.050473,8.0,8.0,8.0,8.0
-1.283228,12.991556,1.0,1.0,1.0,1.0
-14.690056,12.04626,8.0,8.0,8.0,8.0
-1.6960196,8.373499,3.0,3.0,3.0,3.0
2.0126908,6.07709,3.0,3.0,3.0,3.0
-14.196629,11.539656,8.0,8.0,8.0,8.0
-1.5391011,13.408868,1.0,1.0,1.0,1.0
3.6481674,11.535039,1.0,1.0,1.0,1.0
2.999717,8.755245,3.0,3.0,3.0,3.0
-4.391398,5.238002,3.0,3.0,3.0,3.0
3.3124597,9.086342,3.0,3.0,3.0,3.0
-1.3606431,5.155962,3.0,3.0,3.0,3.0
-1.1306735,8.249901,6.0,3.0,8.0,6.0
0.578347,8.549927,7.0,3.0,3.0,1.0
17.32384,18.130287,1.0,1.0,1.0,1.0
2.5337312,10.683411,1.0,1.0,1.0,1.0
-3.2882533,6.008238,3.0,3.0,3.0,3.0
3.460647,8.273311,3.0,3.0,3.0,3.0
-0.83590555,6.424595,3.0,3.0,3.0,3.0
4.669064,22.642153,2.0,2.0,2.0,2.0
-1.0484364,14.051265,1.0,1.0,1.0,1.0
-5.059421,10.241119,4.0,4.0,4.0,4.0
6.199115,7.680167,4.0,3.0,8.0,4.0
6.0298886,23.336718,2.0,2.0,2.0,2.0
3.6681333,5.7856545,4.0,3.0,3.0,4.0
0.067568935,11.317026,1.0,1.0,1.0,1.0
2.5591035,3.9540868,3.0,3.0,3.0,3.0
-15.517417,11.855152,8.0,8.0,8.0,8.0
-1.2360454,10.531645,1.0,1.0,1.0,1.0
-0.8130616,3.1579669,5.0,3.0,3.0,5.0
0.17453569,8.336869,7.0,3.0,8.0,1.0
3.5702267,11.406943,1.0,1.0,1.0,1.0
2.0758462,10.970993,1.0,1.0,1.0,1.0
0.54048014,11.314476,1.0,1.0,1.0,1.0
-1.1407106,8.715966,6.0,3.0,3.0,6.0
3.2196746,8.056644,3.0,3.0,3.0,3.0
3.5554316,11.402281,1.0,1.0,1.0,1.0
-0.4423334,7.49184,3.0,3.0,3.0,3.0
-0.13323303,11.279994,1.0,1.0,1.0,1.0
-8.472386,21.525692,7.0,1.0,1.0,1.0
-1.5720576,11.07592,1.0,1.0,1.0,1.0
1.444754,6.7046685,3.0,3.0,3.0,3.0
-0.98685086,14.075115,1.0,1.0,1.0,1.0
-15.286605,12.043239,8.0,8.0,8.0,8.0
-7.12671,9.898933,4.0,4.0,4.0,4.0
-6.3938518,10.109011,4.0,4.0,4.0,4.0
-4.917507,9.926549,4.0,4.0,4.0,4.0
1.2424611,9.778849,1.0,1.0,3.0,1.0
-0.45352906,7.738134,6.0,3.0,3.0,6.0
7.835998,-2.7832057,9.0,9.0,9.0,9.0
3.504686,6.054027,4.0,3.0,3.0,4.0
-3.8632014,4.6478558,3.0,3.0,3.0,3.0
-1.216098,8.353076,6.0,3.0,3.0,6.0
-0.55415463,5.928321,3.0,3.0,3.0,3.0
6.093536,23.220375,2.0,2.0,2.0,2.0
5.689047,23.16578,2.0,2.0,2.0,2.0
-0.23975608,7.3318543,1.0,3.0,3.0,3.0
-15.142449,12.198368,8.0,8.0,8.0,8.0
-5.3514915,9.821808,4.0,4.0,4.0,4.0
0.18985568,3.1238358,5.0,3.0,3.0,5.0
-4.6016545,13.27391,6.0,3.0,3.0,6.0
-6.997445,9.836211,4.0,4.0,4.0,4.0
5.729169,22.247858,2.0,2.0,2.0,2.0
6.0740695,7.6936493,4.0,3.0,8.0,4.0
5.2194357,23.559868,2.0,2.0,2.0,2.0
8.110858,-2.541018,9.0,9.0,9.0,9.0
7.933359,-2.2817237,9.0,9.0,9.0,9.0
1.1179364,7.481692,3.0,3.0,3.0,3.0
1.4292581,8.45619,3.0,3.0,3.0,3.0
8.407508,-3.8222623,9.0,9.0,9.0,9.0
0.60831606,11.075401,1.0,1.0,1.0,1.0
4.7658277,23.286755,2.0,2.0,2.0,2.0
0.6206741,8.837286,7.0,3.0,3.0,1.0
5.8434,22.166903,2.0,2.0,2.0,2.0
16.886965,17.698126,1.0,1.0,1.0,1.0
5.4652324,22.456745,2.0,2.0,2.0,2.0
3.476988,8.876996,3.0,3.0,3.0,3.0
17.41676,18.219673,1.0,1.0,1.0,1.0
0.013048239,2.738494,5.0,3.0,3.0,5.0
5.9169755,7.6006517,4.0,3.0,8.0,4.0
5.931525,22.165825,2.0,2.0,2.0,2.0
4.840007,23.120445,3.0,2.0,2.0,3.0
7.905729,-2.5252488,9.0,9.0,9.0,9.0
-4.4942007,5.4286685,3.0,3.0,3.0,3.0
6.428405,7.643036,4.0,3.0,8.0,4.0
-4.5180655,18.343515,1.0,1.0,1.0,1.0
0.5165246,7.8504457,1.0,3.0,3.0,1.0
-1.7850472,5.0847454,3.0,3.0,3.0,3.0
0.3407482,8.31324,7.0,3.0,3.0,1.0
3.4463506,8.187184,3.0,3.0,3.0,3.0
-8.247494,21.319403,7.0,1.0,1.0,1.0
-1.7738653,5.189635,3.0,3.0,3.0,3.0
-0.8001301,12.868936,1.0,1.0,1.0,1.0
0.70740026,10.240457,1.0,1.0,1.0,1.0
-5.0352154,18.294794,1.0,1.0,1.0,1.0
3.0250635,6.598782,4.0,3.0,3.0,4.0
8.327301,-3.0891156,9.0,9.0,9.0,9.0
-1.684477,5.47827,3.0,3.0,3.0,3.0
8.462059,-3.2216125,9.0,9.0,9.0,9.0
6.0482497,23.028769,2.0,2.0,2.0,2.0
-10.84902,4.991542,1.0,1.0,1.0,1.0
-5.8727584,9.980399,4.0,4.0,4.0,4.0
-0.82647914,3.2337866,5.0,3.0,3.0,5.0
-10.804868,5.3783937,1.0,1.0,1.0,1.0
-0.46356377,7.1718493,3.0,3.0,3.0,3.0
1.8081012,6.388645,3.0,3.0,3.0,3.0
-1.1877261,10.393769,1.0,1.0,1.0,1.0
5.75956,22.956694,2.0,2.0,2.0,2.0
-0.8785651,8.367081,6.0,3.0,3.0,3.0
-5.1445518,8.934311,4.0,4.0,4.0,3.0
-3.376784,7.5349684,7.0,3.0,3.0,1.0
-2.3018775,8.395978,6.0,3.0,3.0,6.0
-0.17132097,11.10836,1.0,1.0,1.0,1.0
-1.3012408,8.223495,6.0,3.0,3.0,6.0
0.3021297,8.438326,7.0,3.0,4.0,1.0
-3.8844864,4.8537703,3.0,3.0,3.0,3.0
2.8962257,7.7130094,3.0,3.0,3.0,3.0
-14.149684,11.687495,8.0,8.0,8.0,8.0
-2.3074346,5.4501743,3.0,3.0,3.0,3.0
-0.30449235,6.752775,3.0,3.0,3.0,3.0
0.27699202,6.2163715,3.0,3.0,3.0,3.0
-1.6417748,8.455289,6.0,3.0,3.0,6.0
3.235444,8.394089,3.0,3.0,3.0,3.0
-1.0994327,7.8078704,6.0,3.0,3.0,6.0
-0.30729938,10.988768,1.0,1.0,1.0,1.0
-1.0278172,12.580452,1.0,1.0,1.0,1.0
-15.148064,12.632539,8.0,8.0,8.0,8.0
-4.0397854,4.94675,3.0,3.0,3.0,3.0
1.1186935,3.941922,3.0,3.0,8.0,3.0
7.867348,-3.2753398,9.0,9.0,9.0,9.0
-3.5150042,6.9395113,7.0,3.0,3.0,1.0
-7.2413507,10.211045,4.0,4.0,4.0,4.0
-3.76069,5.202787,3.0,3.0,3.0,3.0
-15.378254,12.6406145,8.0,8.0,8.0,8.0
0.11088773,7.933755,7.0,3.0,3.0,1.0
8.541125,-3.17018,9.0,9.0,9.0,9.0
-5.4004164,9.66642,4.0,4.0,4.0,4.0
17.122171,17.929665,1.0,1.0,1.0,1.0
1.6431768,5.926554,3.0,3.0,3.0,3.0
4.551114,23.009542,2.0,2.0,2.0,2.0
0.5254144,7.196671,7.0,3.0,3.0,1.0
-0.93679607,5.3182435,3.0,3.0,3.0,3.0
-4.318992,12.888788,6.0,3.0,3.0,6.0
-1.5170497,7.0261045,10.0,3.0,3.0,6.0
0.73328733,5.7045345,3.0,3.0,3.0,3.0
-4.664058,13.222122,6.0,3.0,3.0,6.0
1.0535481,8.237495,3.0,3.0,3.0,3.0
0.014667382,7.258372,3.0,3.0,3.0,3.0
-14.44279,12.336626,8.0,8.0,8.0,8.0
1.8698446,7.134275,3.0,3.0,3.0,3.0
3.5860884,5.5355086,4.0,3.0,3.0,4.0
0.6815942,6.6348486,3.0,3.0,8.0,3.0
-5.5789547,10.456497,4.0,4.0,4.0,4.0
-1.4983938,5.059096,3.0,3.0,3.0,3.0
-0.5858495,13.826424,1.0,1.0,1.0,1.0
3.547956,8.853963,3.0,3.0,3.0,3.0
-4.93099,10.474099,4.0,4.0,4.0,4.0
0.017498303,3.2637768,5.0,3.0,3.0,5.0
-3.5984643,7.352581,7.0,3.0,3.0,1.0
3.4207191,7.7770295,3.0,3.0,3.0,3.0
-0.28654844,11.021814,1.0,1.0,1.0,1.0
0.21724363,5.1501904,5.0,3.0,3.0,5.0
-6.8888984,10.228077,4.0,4.0,4.0,4.0
3.169693,8.625584,3.0,3.0,3.0,3.0
-0.5507335,3.18731,5.0,3.0,3.0,5.0
2.0951626,3.5171309,3.0,3.0,3.0,3.0
17.26192,18.067331,1.0,1.0,1.0,1.0
-4.2792144,9.591298,4.0,3.0,4.0,4.0
-0.13460042,2.5501368,5.0,3.0,3.0,5.0
-1.147442,12.515631,1.0,1.0,1.0,1.0
6.152647,22.601625,2.0,2.0,2.0,2.0
-3.9752197,4.85045,3.0,3.0,3.0,3.0
-0.50675493,13.448697,1.0,1.0,1.0,1.0
-8.296884,21.506884,7.0,1.0,1.0,1.0
-1.6943654,8.714446,6.0,3.0,3.0,6.0
4.7104535,22.571383,2.0,2.0,2.0,2.0
5.5417585,23.624401,2.0,2.0,2.0,2.0
8.465426,-2.3754663,9.0,9.0,9.0,9.0
-0.7027553,6.7925243,3.0,3.0,3.0,3.0
3.7121537,11.37982,1.0,1.0,1.0,1.0
1.3850482,3.6689408,3.0,3.0,3.0,3.0
0.17636813,3.3686078,5.0,3.0,3.0,5.0
-2.9080045,5.718977,3.0,3.0,3.0,3.0
7.630009,-3.2797492,9.0,9.0,9.0,9.0
8.110896,-2.8880033,9.0,9.0,9.0,9.0
-4.7099614,13.393088,6.0,3.0,3.0,6.0
-1.6031113,4.8129625,3.0,3.0,3.0,3.0
-1.7637812,4.8246746,3.0,3.0,3.0,3.0
-0.9621771,2.8113534,5.0,3.0,3.0,5.0
5.2619643,22.127354,2.0,2.0,2.0,2.0
4.6388946,23.179953,2.0,2.0,2.0,2.0
2.384335,3.2881212,3.0,3.0,3.0,3.0
-2.0064545,8.282558,6.0,3.0,3.0,6.0
2.0201204,10.126748,1.0,1.0,1.0,1.0
8.235951,-2.7778552,9.0,9.0,9.0,9.0
-1.4184493,13.806787,1.0,1.0,1.0,1.0
7.910562,-3.3727665,9.0,9.0,9.0,9.0
-0.5946683,8.550861,5.0,3.0,3.0,5.0
0.26586583,5.3246474,5.0,3.0,3.0,5.0
6.2410507,22.643787,2.0,2.0,2.0,2.0
-0.51801324,8.907676,3.0,3.0,3.0,3.0
4.9866123,23.56972,2.0,2.0,2.0,2.0
2.168749,3.1574857,3.0,3.0,3.0,3.0
1.2680668,4.1933017,3.0,3.0,3.0,3.0
1.2865646,11.723483,1.0,1.0,1.0,1.0
-4.535502,13.268991,6.0,8.0,3.0,6.0
-1.4024523,4.3935575,3.0,3.0,3.0,3.0
-8.448222,21.64875,7.0,1.0,1.0,1.0
-6.9400687,9.786627,4.0,4.0,4.0,4.0
-2.2059922,5.2876844,3.0,3.0,3.0,3.0
1.7498266,7.412973,3.0,3.0,3.0,3.0
2.1415896,3.428994,3.0,3.0,3.0,3.0
1.552048,3.6021464,3.0,3.0,8.0,3.0
-13.959332,11.54837,8.0,8.0,8.0,8.0
-1.4855248,7.182595,10.0,3.0,3.0,3.0
0.45296523,6.790263,3.0,3.0,8.0,3.0
-6.3254843,8.678503,4.0,4.0,4.0,4.0
0.38418233,6.703536,3.0,3.0,8.0,3.0
16.850418,17.669636,1.0,3.0,1.0,1.0
-0.39528766,8.612329,6.0,3.0,3.0,6.0
3.661023,5.5622344,4.0,3.0,3.0,4.0
-0.18815644,2.9632666,5.0,3.0,3.0,5.0
1.2345514,12.376665,1.0,1.0,1.0,1.0
-3.943647,7.0453844,7.0,3.0,3.0,1.0
-15.060141,11.758021,8.0,8.0,8.0,8.0
-0.17071879,4.9721246,3.0,3.0,3.0,3.0
-0.5375387,12.837519,1.0,1.0,1.0,1.0
-3.2622917,6.770725,7.0,3.0,3.0,1.0
-5.7228417,10.320832,4.0,4.0,4.0,4.0
-4.9707766,13.160567,6.0,3.0,3.0,6.0
-5.7490563,10.488629,4.0,4.0,4.0,4.0
-0.8931358,7.9327006,6.0,3.0,3.0,6.0
-6.7287345,9.051225,4.0,4.0,4.0,4.0
0.034663588,7.22853,3.0,3.0,3.0,3.0
-2.1904356,5.363454,3.0,3.0,3.0,3.0
-15.116906,12.065004,8.0,8.0,8.0,8.0
8.219823,-2.9180686,9.0,9.0,9.0,9.0
5.875146,23.534258,2.0,2.0,2.0,2.0
-4.3325853,5.61412,3.0,3.0,3.0,3.0
3.2656739,7.647008,3.0,3.0,3.0,3.0
3.53501,6.0958323,4.0,3.0,3.0,4.0
-1.0432497,13.433867,1.0,1.0,1.0,1.0
3.6319046,5.928022,4.0,3.0,3.0,4.0
3.9219944,8.744757,3.0,3.0,3.0,3.0
-0.25073633,3.3979812,5.0,3.0,3.0,5.0
-6.25745,9.1816435,4.0,4.0,4.0,4.0
-4.946499,18.600298,1.0,1.0,1.0,1.0
-1.7223396,5.599311,3.0,3.0,3.0,3.0
0.067823276,5.260256,3.0,3.0,3.0,3.0
-0.29241943,2.961352,5.0,3.0,3.0,5.0
-6.447821,9.047481,4.0,4.0,4.0,4.0
7.56222,-2.927887,9.0,9.0,9.0,9.0
-0.07616533,3.003319,5.0,3.0,3.0,5.0
-3.155831,6.475325,7.0,3.0,8.0,1.0
-3.172807,7.063473,7.0,3.0,3.0,1.0
5.1238775,22.419449,2.0,2.0,2.0,2.0
-1.5689259,8.41876,6.0,3.0,3.0,6.0
1.904021,3.6717408,3.0,3.0,3.0,3.0
-0.6677009,8.218288,3.0,3.0,3.0,3.0
2.7506437,8.593339,3.0,3.0,3.0,3.0
0.0038359268,8.661886,7.0,3.0,3.0,1.0
-5.994492,9.032046,4.0,4.0,4.0,4.0
5.486559,23.806635,2.0,2.0,2.0,2.0
5.894164,7.8685155,4.0,3.0,3.0,3.0
5.639677,23.111834,2.0,2.0,2.0,2.0
1.1863877,7.3954597,3.0,3.0,3.0,3.0
5.7233467,23.600206,2.0,2.0,2.0,2.0
-15.441858,12.123026,8.0,8.0,8.0,8.0
-4.178684,5.297951,3.0,3.0,3.0,3.0
7.5598483,-2.4484632,9.0,9.0,9.0,9.0
1.9020387,5.72328,3.0,3.0,3.0,3.0
3.5655222,8.434176,3.0,3.0,3.0,3.0
-0.7910989,9.167819,6.0,3.0,3.0,6.0
-1.351952,10.481428,1.0,1.0,1.0,1.0
0.85280937,8.101327,3.0,3.0,3.0,3.0
0.37802634,7.5203276,3.0,3.0,3.0,3.0
-1.1413774,4.993899,3.0,3.0,3.0,3.0
2.2147734,10.302779,1.0,1.0,1.0,1.0
-0.9137545,12.715732,1.0,1.0,1.0,1.0
-3.5813158,5.7009444,3.0,3.0,3.0,3.0
-3.5508764,6.610174,7.0,3.0,3.0,1.0
8.47975,-2.0779898,9.0,9.0,9.0,9.0
1.882782,5.9726334,3.0,3.0,3.0,3.0
3.5446293,9.077268,3.0,3.0,3.0,3.0
1.8031071,5.8989816,3.0,3.0,3.0,3.0
-0.5286513,10.281436,1.0,1.0,1.0,1.0
0.4861776,10.176561,1.0,1.0,1.0,1.0
-0.9567983,5.0916595,3.0,3.0,3.0,3.0
2.1465027,10.215394,1.0,1.0,1.0,1.0
-0.9139766,4.98873,3.0,3.0,3.0,3.0
8.063586,-2.5058627,9.0,9.0,9.0,9.0
1.4549879,12.69666,1.0,1.0,1.0,1.0
0.27887914,6.2276397,3.0,3.0,3.0,3.0
-0.8514022,13.90311,1.0,1.0,1.0,1.0
3.719118,8.670353,3.0,3.0,3.0,3.0
-15.162132,12.302755,8.0,8.0,8.0,8.0
1.3253268,6.534499,3.0,3.0,3.0,3.0
-4.2010226,4.590886,3.0,3.0,3.0,3.0
4.7068853,23.248302,2.0,2.0,2.0,2.0
-14.434688,12.745276,8.0,8.0,8.0,8.0
-4.3978543,5.1258135,3.0,3.0,3.0,3.0
-1.2541476,5.8000097,3.0,3.0,3.0,3.0
4.99899,22.58297,2.0,2.0,2.0,2.0
-4.1593995,5.0238266,3.0,3.0,3.0,3.0
0.56866884,6.584447,3.0,3.0,3.0,3.0
-3.3724298,7.227837,7.0,3.0,3.0,1.0
-6.2950315,10.825085,4.0,4.0,4.0,4.0
-3.9064724,5.2710557,6.0,3.0,3.0,6.0
-1.4878867,13.488119,1.0,1.0,1.0,1.0
-3.8579197,7.284175,7.0,3.0,3.0,1.0
3.8995788,5.7775865,4.0,3.0,3.0,4.0
-1.635002,4.9808116,3.0,3.0,3.0,3.0
2.1436896,4.044658,3.0,3.0,3.0,3.0
4.99667,23.581232,2.0,2.0,2.0,2.0
3.2664068,9.083305,3.0,3.0,3.0,3.0
1.6354101,7.1656356,3.0,3.0,3.0,3.0
1.4742637,6.98572,3.0,3.0,3.0,3.0
-1.5992719,4.585727,3.0,3.0,3.0,3.0
-0.21745408,6.630901,3.0,3.0,8.0,3.0
-0.72656125,5.4483876,3.0,3.0,3.0,3.0
-2.2569873,8.390818,6.0,3.0,3.0,6.0
-15.403536,11.935836,8.0,8.0,8.0,8.0
5.8889985,23.067091,2.0,2.0,2.0,2.0
0.3290402,7.1967025,4.0,3.0,3.0,4.0
8.050351,-2.9685633,9.0,9.0,9.0,9.0
-1.3840122,13.877582,1.0,1.0,1.0,1.0
-0.5421104,13.933403,1.0,1.0,1.0,1.0
-0.43158364,13.575647,1.0,1.0,1.0,1.0
1.2108006,12.57538,1.0,1.0,1.0,1.0
-11.298337,5.66238,1.0,1.0,1.0,1.0
1.2433575,3.8634815,3.0,3.0,3.0,3.0
-6.77654,9.648886,4.0,4.0,4.0,4.0
0.16231428,3.5383112,5.0,3.0,3.0,5.0
1.5169371,12.535146,1.0,1.0,1.0,1.0
-2.1776636,5.1672244,3.0,3.0,3.0,3.0
-0.2955112,2.6169362,5.0,3.0,3.0,5.0
2.2149594,5.9132705,3.0,3.0,3.0,3.0
-5.816276,10.175465,4.0,4.0,4.0,4.0
-1.574306,8.110117,6.0,3.0,3.0,6.0
-6.472467,8.94851,4.0,4.0,4.0,4.0
-0.69612396,8.534729,10.0,3.0,8.0,10.0
1.4244684,3.4329433,3.0,3.0,3.0,3.0
-5.256415,10.150386,4.0,4.0,4.0,4.0
-14.610361,13.296887,8.0,3.0,8.0,8.0
-4.262765,4.67,3.0,3.0,3.0,3.0
1.3108803,12.30271,1.0,1.0,1.0,1.0
-10.884478,5.095912,1.0,1.0,1.0,1.0
1.9452312,3.657809,3.0,3.0,3.0,3.0
1.0978837,6.6337113,3.0,3.0,3.0,3.0
3.1728718,8.857592,3.0,3.0,3.0,3.0
1.7646906,5.7551413,3.0,3.0,3.0,3.0
-14.781904,12.190861,8.0,8.0,8.0,8.0
-4.208074,5.7904406,3.0,3.0,3.0,3.0
1.7871541,8.59758,3.0,3.0,3.0,3.0
-1.1907476,5.034528,3.0,3.0,3.0,3.0
1.2028613,5.260637,5.0,3.0,3.0,5.0
-1.4746178,5.102237,3.0,3.0,3.0,3.0
-0.07093357,10.270336,1.0,1.0,1.0,1.0
-5.169118,10.416928,4.0,4.0,4.0,4.0
0.77780634,7.9224043,3.0,3.0,3.0,3.0
1.9896938,5.704477,3.0,3.0,3.0,3.0
-5.9691677,9.49338,4.0,4.0,4.0,4.0
-4.993724,13.405879,6.0,3.0,3.0,6.0
-0.075756356,4.938238,3.0,3.0,3.0,3.0
-1.3622105,8.3993025,6.0,3.0,3.0,6.0
17.440434,18.237581,1.0,1.0,1.0,1.0
-0.8734783,5.885511,3.0,3.0,3.0,3.0
5.429098,23.254047,2.0,2.0,2.0,2.0
-3.3905294,7.3883286,7.0,3.0,3.0,1.0
-0.5304172,2.6272883,5.0,3.0,3.0,5.0
1.3482633,7.1532044,3.0,3.0,3.0,3.0
0.96302885,11.380338,1.0,1.0,1.0,1.0
1.6501372,4.3739905,3.0,3.0,3.0,3.0
7.7687798,-3.2265253,9.0,9.0,9.0,9.0
1.4976763,10.029919,1.0,1.0,1.0,1.0
3.4759164,8.865877,3.0,3.0,3.0,3.0
-0.15845923,11.936017,1.0,1.0,1.0,1.0
-6.992611,10.02658,4.0,4.0,4.0,4.0
1.5838034,12.655206,1.0,1.0,1.0,1.0
0.7377332,7.101493,3.0,3.0,8.0,3.0
-1.0880789,6.2462697,3.0,3.0,8.0,3.0
-14.501106,12.19002,8.0,8.0,8.0,8.0
-3.9928243,7.3651943,7.0,3.0,3.0,1.0
0.1264847,4.433446,5.0,3.0,3.0,5.0
1.6707114,7.402903,3.0,3.0,3.0,3.0
2.3997712,3.598183,3.0,3.0,3.0,3.0
-1.2240324,5.1423755,3.0,3.0,3.0,3.0
0.9409505,6.9143453,3.0,3.0,3.0,3.0
-0.08555436,3.771853,5.0,3.0,3.0,5.0
1.4000918,6.198865,3.0,3.0,3.0,3.0
5.2397494,23.676773,2.0,2.0,2.0,2.0
-3.9107766,4.7726,3.0,3.0,3.0,3.0
1.7979934,7.1672783,3.0,3.0,3.0,3.0
-1.5081757,4.5604873,10.0,3.0,3.0,3.0
1.9983834,10.476121,1.0,1.0,1.0,1.0
-0.07183999,9.559828,1.0,1.0,1.0,1.0
-1.303076,7.560989,10.0,3.0,3.0,6.0
-11.320632,5.5453725,1.0,1.0,1.0,1.0
5.131953,22.383556,2.0,2.0,2.0,2.0
8.69341,-2.9092395,9.0,9.0,9.0,9.0
-0.36052412,7.085984,3.0,3.0,3.0,3.0
2.5813837,3.5273213,3.0,3.0,3.0,3.0
8.397951,-2.7340837,9.0,9.0,9.0,9.0
-0.8077236,13.271256,1.0,1.0,1.0,1.0
-0.94294107,6.4965115,3.0,3.0,3.0,3.0
-4.1901875,5.3933315,3.0,3.0,3.0,3.0
-11.117318,5.330543,1.0,1.0,1.0,1.0
3.7556753,8.6559305,3.0,3.0,3.0,3.0
0.123134956,9.409377,1.0,3.0,3.0,1.0
-0.7698542,2.6859663,5.0,3.0,3.0,5.0
1.9660931,10.264811,1.0,1.0,1.0,1.0
-1.2092451,7.583239,6.0,3.0,3.0,6.0
-1.2499516,5.72131,3.0,3.0,8.0,3.0
-6.7389183,9.526413,4.0,4.0,4.0,4.0
-0.54679793,6.031161,3.0,3.0,3.0,3.0
3.5343814,9.018685,3.0,3.0,3.0,3.0
16.963095,17.77006,1.0,3.0,1.0,1.0
-0.6614885,5.5395656,3.0,3.0,3.0,3.0
1.7152406,7.2362876,3.0,3.0,3.0,3.0
6.362599,23.120838,2.0,2.0,2.0,2.0
0.55049753,6.6371236,3.0,3.0,3.0,3.0
-1.5837121,4.3467646,3.0,3.0,3.0,3.0
-0.6678935,2.9288538,5.0,3.0,3.0,3.0
5.425574,23.645054,2.0,2.0,2.0,2.0
-14.782313,12.900681,8.0,8.0,8.0,8.0
-1.6514771,13.934332,1.0,1.0,1.0,1.0
-1.0261447,6.940854,3.0,3.0,3.0,3.0
-1.1194607,5.39786,3.0,3.0,3.0,3.0
-0.15736607,2.8384256,5.0,3.0,3.0,5.0
1.6240067,6.059652,3.0,3.0,3.0,3.0
-0.5346822,7.085873,3.0,3.0,3.0,3.0
-14.8542385,12.170955,8.0,8.0,8.0,8.0
-2.030707,5.377651,3.0,3.0,3.0,3.0
7.545086,-2.6313841,9.0,9.0,9.0,9.0
